Years,Provinces,Total sown area of crops (thousand hectares)  ,Sown area of grain crops (thousand hectares)  ,Sown area of rice (thousand hectares)  ,Sown area of wheat (thousand hectares)  ,Sown area of corn (thousand hectares)  ,soybeans (thousand hectares)  
1997,Beijing,535.800 ,424.500 ,23.200 ,171.300 ,206.300 ,12.600 
1998,Beijing,535.300 ,422.700 ,19.400 ,171.200 ,207.700 ,13.400 
1999,Beijing,527.100 ,409.700 ,19.200 ,168.000 ,198.100 ,13.600 
2000,Beijing,457.280 ,308.260 ,14.060 ,121.690 ,135.810 ,24.610 
2001,Beijing,386.400 ,213.800 ,6.800 ,72.600 ,100.100 ,22.500 
2002,Beijing,342.000 ,169.000 ,4.500 ,47.400 ,87.200 ,18.400 
2003,Beijing,308.830 ,141.340 ,1.610 ,35.790 ,75.210 ,19.160 
2004,Beijing,312.475 ,154.490 ,0.820 ,39.150 ,93.540 ,15.160 
2005,Beijing,318.000 ,192.200 ,0.800 ,53.300 ,119.700 ,12.300 
2006,Beijing,329.620 ,219.580 ,0.690 ,63.070 ,135.830 ,13.370 
2007,Beijing,295.010 ,197.490 ,0.520 ,41.350 ,138.990 ,10.110 
2008,Beijing,322.020 ,226.330 ,0.440 ,63.900 ,146.190 ,10.590 
2009,Beijing,320.130 ,226.290 ,0.380 ,60.570 ,150.760 ,9.480 
2010,Beijing,317.270 ,223.470 ,0.300 ,61.590 ,149.750 ,7.420 
2011,Beijing,302.580 ,209.380 ,0.230 ,58.140 ,140.510 ,6.280 
2012,Beijing,282.715 ,193.875 ,0.202 ,52.203 ,132.021 ,5.503 
2013,Beijing,242.455 ,158.911 ,0.189 ,36.215 ,114.486 ,4.914 
2014,Beijing,196.104 ,120.174 ,0.183 ,23.584 ,88.619 ,4.846 
2015,Beijing,173.730 ,104.454 ,0.200 ,20.781 ,76.290 ,4.141 
2016,Beijing,151.363 ,87.329 ,0.172 ,15.905 ,65.237 ,2.872 
2017,Beijing,120.939 ,66.844 ,0.118 ,11.273 ,49.742 ,2.867 
2018,Beijing,103.789 ,55.639 ,0.168 ,9.792 ,40.090 ,2.635 
2019,Beijing,88.550 ,46.515 ,0.148 ,8.041 ,33.663 ,1.937 
2020,Beijing,98.183 ,48.896 ,0.203 ,8.391 ,35.646 ,1.677 
2021,Beijing,117.847 ,60.923 ,0.309 ,13.068 ,42.773 ,1.738 
2022,Beijing,143.813 ,76.734 ,0.417 ,18.190 ,51.149 ,4.054 
1997,Tianjin,569.400 ,440.500 ,66.400 ,151.100 ,152.200 ,43.400 
1998,Tianjin,578.100 ,446.600 ,54.400 ,153.400 ,163.000 ,48.600 
1999,Tianjin,562.900 ,431.000 ,61.100 ,143.200 ,168.600 ,37.800 
2000,Tianjin,533.140 ,345.900 ,35.400 ,121.700 ,131.200 ,40.800 
2001,Tianjin,544.522 ,328.510 ,11.430 ,106.700 ,140.940 ,48.390 
2002,Tianjin,522.800 ,311.300 ,14.900 ,95.900 ,146.500 ,36.900 
2003,Tianjin,501.460 ,258.100 ,7.000 ,78.300 ,124.900 ,32.300 
2004,Tianjin,504.301 ,263.536 ,13.690 ,78.960 ,134.755 ,30.065 
2005,Tianjin,499.420 ,287.660 ,16.700 ,98.860 ,138.840 ,28.050 
2006,Tianjin,513.850 ,295.210 ,16.990 ,107.800 ,143.380 ,22.060 
2007,Tianjin,433.950 ,292.010 ,14.350 ,104.850 ,162.180 ,9.610 
2008,Tianjin,446.280 ,293.510 ,15.020 ,107.690 ,159.780 ,9.900 
2009,Tianjin,455.200 ,306.640 ,16.030 ,110.190 ,165.910 ,12.970 
2010,Tianjin,459.270 ,311.780 ,15.790 ,110.510 ,168.930 ,14.510 
2011,Tianjin,467.980 ,310.790 ,14.240 ,112.270 ,169.010 ,12.830 
2012,Tianjin,478.970 ,322.920 ,14.600 ,113.120 ,179.330 ,12.240 
2013,Tianjin,473.511 ,332.790 ,16.810 ,110.380 ,191.670 ,7.530 
2014,Tianjin,479.027 ,345.822 ,16.373 ,110.660 ,202.799 ,8.173 
2015,Tianjin,469.024 ,350.039 ,15.380 ,109.185 ,214.747 ,6.258 
2016,Tianjin,479.169 ,357.254 ,17.675 ,110.913 ,218.437 ,5.147 
2017,Tianjin,439.519 ,351.402 ,30.490 ,108.767 ,201.422 ,3.777 
2018,Tianjin,429.274 ,350.210 ,39.898 ,110.840 ,186.772 ,6.524 
2019,Tianjin,410.271 ,339.269 ,45.530 ,101.120 ,180.776 ,5.470 
2020,Tianjin,419.171 ,350.204 ,53.446 ,103.956 ,178.861 ,4.398 
2021,Tianjin,437.002 ,373.475 ,58.503 ,118.514 ,185.633 ,2.624 
2022,Tianjin,443.511 ,376.668 ,55.255 ,118.773 ,187.244 ,4.827 
1997,Hebei,8857.000 ,7099.400 ,155.300 ,2720.700 ,2425.900 ,610.200 
1998,Hebei,9097.700 ,7305.700 ,153.200 ,2764.000 ,2581.000 ,647.800 
1999,Hebei,9055.200 ,7236.120 ,154.660 ,2729.880 ,2663.760 ,584.600 
2000,Hebei,9024.390 ,6918.670 ,143.930 ,2678.800 ,2478.570 ,592.150 
2001,Hebei,8990.810 ,6628.930 ,94.070 ,2579.780 ,2543.410 ,483.950 
2002,Hebei,8935.100 ,6484.400 ,111.000 ,2449.600 ,2577.400 ,452.100 
2003,Hebei,8638.500 ,5943.980 ,75.580 ,2192.920 ,2488.810 ,383.960 
2004,Hebei,8695.353 ,6003.420 ,83.530 ,2161.490 ,2630.570 ,359.720 
2005,Hebei,8785.477 ,6240.240 ,87.660 ,2377.140 ,2677.400 ,333.110 
2006,Hebei,8777.347 ,6199.440 ,92.220 ,2419.970 ,2658.060 ,304.600 
2007,Hebei,8652.702 ,6168.230 ,84.520 ,2412.390 ,2862.580 ,248.370 
2008,Hebei,8713.170 ,6158.110 ,81.530 ,2416.140 ,2841.070 ,249.620 
2009,Hebei,8682.500 ,6216.500 ,85.100 ,2394.470 ,2950.470 ,219.340 
2010,Hebei,8718.390 ,6282.200 ,79.690 ,2420.330 ,3008.590 ,194.430 
2011,Hebei,8773.690 ,6286.110 ,83.020 ,2396.050 ,3035.780 ,179.340 
2012,Hebei,8781.787 ,6302.370 ,85.920 ,2409.970 ,3049.140 ,171.750 
2013,Hebei,8749.220 ,6315.870 ,86.820 ,2377.740 ,3108.770 ,166.380 
2014,Hebei,8713.080 ,6332.000 ,84.840 ,2342.740 ,3170.880 ,162.330 
2015,Hebei,8739.837 ,6392.480 ,84.790 ,2318.870 ,3248.080 ,153.720 
2016,Hebei,8716.636 ,6327.410 ,81.520 ,2313.900 ,3191.050 ,145.610 
2017,Hebei,8381.650 ,6658.515 ,75.020 ,2373.359 ,3544.058 ,90.121 
2018,Hebei,8197.129 ,6538.677 ,78.430 ,2357.187 ,3437.740 ,115.970 
2019,Hebei,8132.691 ,6469.174 ,78.173 ,2322.500 ,3408.200 ,125.083 
2020,Hebei,8089.439 ,6388.798 ,78.720 ,2216.923 ,3417.100 ,122.130 
2021,Hebei,8097.203 ,6428.606 ,78.351 ,2246.580 ,3454.108 ,96.711 
2022,Hebei,8113.987 ,6443.776 ,76.593 ,2247.287 ,3455.867 ,125.032 
1997,Shanxi,3824.900 ,3128.100 ,6.100 ,951.200 ,822.800 ,392.700 
1998,Shanxi,4038.000 ,3296.700 ,6.100 ,963.400 ,886.600 ,466.500 
1999,Shanxi,3970.800 ,3239.230 ,5.940 ,919.240 ,922.960 ,440.580 
2000,Shanxi,4042.420 ,3186.460 ,4.530 ,893.230 ,793.680 ,484.110 
2001,Shanxi,3672.250 ,2877.090 ,5.100 ,820.550 ,837.750 ,384.770 
2002,Shanxi,3900.500 ,3011.000 ,3.500 ,798.100 ,891.000 ,423.900 
2003,Shanxi,3707.950 ,2833.640 ,3.110 ,720.550 ,915.450 ,355.000 
2004,Shanxi,3741.480 ,2925.380 ,2.640 ,648.890 ,1125.630 ,348.820 
2005,Shanxi,3795.350 ,3033.590 ,2.680 ,721.030 ,1183.720 ,346.250 
2006,Shanxi,3822.930 ,3121.940 ,1.780 ,733.590 ,1225.610 ,358.030 
2007,Shanxi,3653.154 ,3028.210 ,1.480 ,712.270 ,1270.470 ,348.410 
2008,Shanxi,3726.490 ,3111.330 ,1.140 ,697.390 ,1378.550 ,347.710 
2009,Shanxi,3717.858 ,3146.670 ,1.140 ,727.470 ,1451.230 ,336.380 
2010,Shanxi,3763.920 ,3239.230 ,1.040 ,728.470 ,1548.930 ,334.030 
2011,Shanxi,3797.420 ,3287.850 ,1.020 ,710.130 ,1646.710 ,321.250 
2012,Shanxi,3808.144 ,3291.500 ,1.010 ,688.970 ,1668.970 ,324.300 
2013,Shanxi,3782.442 ,3274.300 ,0.980 ,677.470 ,1670.040 ,320.250 
2014,Shanxi,3783.433 ,3286.380 ,0.900 ,673.870 ,1676.530 ,323.210 
2015,Shanxi,3767.710 ,3287.190 ,0.700 ,675.090 ,1676.860 ,318.780 
2016,Shanxi,3720.809 ,3241.420 ,0.700 ,672.940 ,1624.750 ,321.420 
2017,Shanxi,3577.619 ,3180.919 ,0.764 ,560.530 ,1806.854 ,238.286 
2018,Shanxi,3555.165 ,3137.060 ,0.800 ,560.267 ,1747.667 ,250.727 
2019,Shanxi,3524.418 ,3126.167 ,2.533 ,546.800 ,1715.040 ,225.673 
2020,Shanxi,3541.513 ,3130.018 ,2.446 ,535.879 ,1742.220 ,183.840 
2021,Shanxi,3587.951 ,3138.061 ,2.647 ,536.841 ,1772.567 ,145.113 
2022,Shanxi,3611.586 ,3150.331 ,2.158 ,535.050 ,1813.876 ,153.900 
1997,Inner_Mongolia,5838.300 ,4906.400 ,122.100 ,1164.600 ,1279.300 ,1052.200 
1998,Inner_Mongolia,6027.000 ,5030.700 ,117.800 ,1092.500 ,1470.800 ,1124.700 
1999,Inner_Mongolia,6077.000 ,4950.990 ,116.850 ,937.940 ,1571.560 ,1059.780 
2000,Inner_Mongolia,5914.360 ,4435.900 ,118.400 ,617.100 ,1298.200 ,1137.400 
2001,Inner_Mongolia,5707.260 ,4383.200 ,86.200 ,516.200 ,1518.900 ,1178.700 
2002,Inner_Mongolia,5887.000 ,4343.500 ,89.800 ,464.600 ,1562.200 ,1045.700 
2003,Inner_Mongolia,5752.750 ,4051.470 ,66.970 ,317.620 ,1591.230 ,1081.760 
2004,Inner_Mongolia,5923.950 ,4181.100 ,80.900 ,418.700 ,1675.600 ,1069.600 
2005,Inner_Mongolia,6215.730 ,4373.580 ,84.460 ,460.570 ,1805.800 ,1077.480 
2006,Inner_Mongolia,6297.238 ,4461.918 ,91.260 ,409.120 ,1851.642 ,1089.021 
2007,Inner_Mongolia,6761.475 ,5119.870 ,79.850 ,533.430 ,2012.500 ,1200.700 
2008,Inner_Mongolia,6860.827 ,5254.477 ,97.862 ,452.195 ,2339.993 ,1037.343 
2009,Inner_Mongolia,6927.830 ,5424.000 ,101.800 ,528.240 ,2451.210 ,1124.510 
2010,Inner_Mongolia,7002.540 ,5498.720 ,92.150 ,566.160 ,2485.610 ,1100.350 
2011,Inner_Mongolia,7109.897 ,5561.500 ,89.959 ,567.888 ,2669.636 ,1022.516 
2012,Inner_Mongolia,7153.966 ,5589.404 ,89.330 ,609.579 ,2833.679 ,840.007 
2013,Inner_Mongolia,7211.178 ,5617.300 ,75.860 ,571.210 ,3170.630 ,755.410 
2014,Inner_Mongolia,7355.963 ,5650.989 ,78.100 ,563.484 ,3372.181 ,653.421 
2015,Inner_Mongolia,7567.895 ,5726.670 ,78.908 ,564.080 ,3407.235 ,689.497 
2016,Inner_Mongolia,7921.900 ,5784.790 ,98.440 ,593.400 ,3208.800 ,791.450 
2017,Inner_Mongolia,9014.222 ,6780.924 ,122.188 ,673.942 ,3716.340 ,1171.358 
2018,Inner_Mongolia,8824.072 ,6789.851 ,150.446 ,596.735 ,3742.140 ,1307.379 
2019,Inner_Mongolia,8885.021 ,6827.500 ,160.700 ,538.000 ,3776.300 ,1394.400 
2020,Inner_Mongolia,8882.812 ,6833.168 ,160.865 ,478.957 ,3823.900 ,1380.720 
2021,Inner_Mongolia,8743.340 ,6884.321 ,155.136 ,442.146 ,4204.599 ,1042.050 
2022,Inner_Mongolia,8750.682 ,6951.839 ,117.231 ,386.159 ,4194.582 ,1325.329 
1997,Liaoning,3627.000 ,3037.100 ,491.700 ,167.900 ,1573.400 ,274.300 
1998,Liaoning,3630.300 ,3039.200 ,496.000 ,150.200 ,1638.000 ,273.400 
1999,Liaoning,3640.100 ,3055.300 ,501.510 ,152.950 ,1677.840 ,257.040 
2000,Liaoning,3622.018 ,2858.600 ,489.700 ,117.600 ,1422.500 ,326.200 
2001,Liaoning,3964.790 ,3162.920 ,515.500 ,98.750 ,1566.810 ,365.910 
2002,Liaoning,3809.200 ,2845.400 ,556.400 ,49.800 ,1431.600 ,317.700 
2003,Liaoning,3719.133 ,2743.267 ,500.633 ,20.133 ,1434.887 ,343.867 
2004,Liaoning,3723.340 ,2906.700 ,544.200 ,20.600 ,1598.800 ,333.500 
2005,Liaoning,3796.700 ,3052.000 ,568.400 ,22.300 ,1792.500 ,294.500 
2006,Liaoning,3766.830 ,3156.400 ,626.400 ,16.800 ,1900.300 ,260.000 
2007,Liaoning,3703.883 ,3127.200 ,660.600 ,12.440 ,1998.580 ,151.530 
2008,Liaoning,3716.160 ,3035.900 ,658.700 ,10.300 ,1884.900 ,203.900 
2009,Liaoning,3919.140 ,3124.100 ,656.700 ,8.800 ,1964.100 ,183.600 
2010,Liaoning,4073.830 ,3179.300 ,677.500 ,7.500 ,2093.000 ,151.000 
2011,Liaoning,4145.678 ,3169.800 ,659.600 ,6.900 ,2134.600 ,143.400 
2012,Liaoning,4210.567 ,3217.346 ,661.800 ,6.800 ,2206.667 ,139.946 
2013,Liaoning,4208.758 ,3226.410 ,649.200 ,5.600 ,2245.570 ,134.200 
2014,Liaoning,4164.095 ,3235.133 ,562.100 ,5.800 ,2330.067 ,117.000 
2015,Liaoning,4219.861 ,3297.417 ,544.933 ,5.550 ,2416.800 ,114.467 
2016,Liaoning,4064.104 ,3231.400 ,562.527 ,5.800 ,2258.933 ,149.713 
2017,Liaoning,4172.323 ,3467.479 ,492.672 ,3.570 ,2691.979 ,85.264 
2018,Liaoning,4207.112 ,3484.033 ,488.360 ,2.387 ,2712.980 ,82.820 
2019,Liaoning,4217.097 ,3488.727 ,507.113 ,2.387 ,2675.000 ,93.400 
2020,Liaoning,4287.779 ,3527.157 ,520.407 ,3.077 ,2699.308 ,116.170 
2021,Liaoning,4328.935 ,3543.557 ,520.633 ,2.736 ,2724.187 ,113.454 
2022,Liaoning,4326.856 ,3561.512 ,516.387 ,2.007 ,2757.994 ,120.578 
1997,Jilin,4067.400 ,3592.100 ,453.100 ,63.500 ,2454.200 ,368.600 
1998,Jilin,4061.600 ,3567.200 ,459.000 ,74.500 ,2421.300 ,371.600 
1999,Jilin,4064.300 ,3513.350 ,465.200 ,67.530 ,2375.510 ,338.620 
2000,Jilin,4542.220 ,3833.700 ,584.800 ,77.300 ,2197.300 ,666.500 
2001,Jilin,4890.110 ,4201.640 ,686.870 ,53.800 ,2609.470 ,646.530 
2002,Jilin,4687.700 ,4037.600 ,666.100 ,23.000 ,2579.500 ,582.900 
2003,Jilin,4716.750 ,4013.750 ,540.950 ,22.100 ,2627.200 ,607.700 
2004,Jilin,4903.980 ,4312.080 ,600.100 ,11.400 ,2901.480 ,633.200 
2005,Jilin,4954.120 ,4294.500 ,654.000 ,9.500 ,2775.200 ,632.900 
2006,Jilin,4984.560 ,4325.500 ,664.000 ,7.526 ,2805.700 ,594.825 
2007,Jilin,4943.988 ,4334.690 ,669.900 ,5.390 ,2853.700 ,616.900 
2008,Jilin,4998.220 ,4391.216 ,658.700 ,5.700 ,2922.516 ,618.700 
2009,Jilin,5077.542 ,4427.700 ,660.400 ,4.100 ,2957.200 ,581.000 
2010,Jilin,5221.424 ,4492.244 ,673.533 ,3.576 ,3046.733 ,537.335 
2011,Jilin,5222.324 ,4545.051 ,691.249 ,3.180 ,3134.223 ,481.851 
2012,Jilin,5315.139 ,4610.299 ,701.193 ,,3284.340 ,369.996 
2013,Jilin,5413.056 ,4789.900 ,726.663 ,,3499.093 ,337.407 
2014,Jilin,5615.293 ,5000.718 ,747.067 ,0.360 ,3696.600 ,331.607 
2015,Jilin,5679.102 ,5077.953 ,761.709 ,0.260 ,3799.964 ,284.632 
2016,Jilin,5676.316 ,5021.660 ,780.670 ,0.270 ,3656.870 ,328.330 
2017,Jilin,6086.198 ,5543.966 ,820.827 ,2.420 ,4164.013 ,328.970 
2018,Jilin,6080.892 ,5599.717 ,839.706 ,1.196 ,4231.470 ,343.521 
2019,Jilin,6117.052 ,5644.930 ,840.390 ,2.940 ,4219.610 ,403.820 
2020,Jilin,6150.987 ,5681.782 ,837.142 ,4.763 ,4287.242 ,393.669 
2021,Jilin,6187.065 ,5721.254 ,837.270 ,4.460 ,4401.227 ,311.767 
2022,Jilin,6226.358 ,5785.139 ,833.175 ,5.402 ,4469.400 ,373.418 
1997,Heilongjiang,9030.900 ,7993.700 ,1396.900 ,1074.400 ,2544.800 ,2454.100 
1998,Heilongjiang,9193.800 ,8088.900 ,1566.700 ,961.400 ,2487.200 ,2545.600 
1999,Heilongjiang,9261.500 ,8098.500 ,1614.870 ,953.400 ,2651.910 ,2291.670 
2000,Heilongjiang,9329.460 ,7852.500 ,1605.900 ,590.200 ,1801.300 ,3178.300 
2001,Heilongjiang,9989.190 ,8534.000 ,1567.000 ,423.300 ,2132.700 ,3702.000 
2002,Heilongjiang,9858.400 ,8291.200 ,1564.400 ,260.800 ,2285.600 ,3381.200 
2003,Heilongjiang,9802.665 ,8114.700 ,1290.900 ,229.600 ,2053.800 ,3813.000 
2004,Heilongjiang,9888.400 ,8458.000 ,1587.800 ,255.000 ,2179.500 ,3913.600 
2005,Heilongjiang,10083.660 ,8650.800 ,1650.300 ,248.500 ,2220.200 ,4032.000 
2006,Heilongjiang,10467.873 ,9023.733 ,1925.333 ,249.000 ,2457.233 ,3836.733 
2007,Heilongjiang,11898.483 ,10820.460 ,2253.160 ,232.990 ,3883.560 ,4099.390 
2008,Heilongjiang,12088.410 ,10988.930 ,2390.733 ,238.800 ,3593.933 ,4324.403 
2009,Heilongjiang,12129.150 ,11391.030 ,2460.824 ,293.100 ,4010.182 ,4251.400 
2010,Heilongjiang,12156.200 ,11454.700 ,2768.840 ,280.013 ,4368.373 ,3750.360 
2011,Heilongjiang,12222.930 ,11502.930 ,2945.550 ,297.810 ,4587.400 ,3386.685 
2012,Heilongjiang,12236.990 ,11519.540 ,3069.757 ,210.061 ,5190.600 ,2763.970 
2013,Heilongjiang,12200.792 ,11564.360 ,3175.590 ,133.000 ,5447.500 ,2500.760 
2014,Heilongjiang,12225.917 ,11696.414 ,3205.469 ,145.680 ,5440.190 ,2621.714 
2015,Heilongjiang,12294.027 ,11765.227 ,3147.825 ,71.053 ,5821.124 ,2476.070 
2016,Heilongjiang,12426.541 ,11804.741 ,3203.335 ,79.730 ,5217.358 ,3045.277 
2017,Heilongjiang,14767.585 ,14154.277 ,3948.885 ,101.791 ,5862.811 ,3982.130 
2018,Heilongjiang,14673.333 ,14214.536 ,3783.099 ,109.410 ,6317.821 ,3741.869 
2019,Heilongjiang,14770.079 ,14338.101 ,3812.553 ,55.962 ,5874.626 ,4419.075 
2020,Heilongjiang,14910.132 ,14438.381 ,3872.027 ,48.741 ,5480.667 ,4930.470 
2021,Heilongjiang,15065.025 ,14551.295 ,3867.387 ,67.265 ,6524.237 ,3991.143 
2022,Heilongjiang,15209.412 ,14683.226 ,3601.369 ,21.426 ,5970.181 ,5025.436 
1997,Shanghai,552.200 ,365.700 ,208.400 ,83.300 ,6.800 ,8.100 
1998,Shanghai,556.400 ,352.500 ,203.300 ,103.900 ,7.300 ,8.700 
1999,Shanghai,551.700 ,334.970 ,200.750 ,97.240 ,7.340 ,8.840 
2000,Shanghai,520.700 ,258.800 ,176.100 ,57.100 ,5.200 ,8.300 
2001,Shanghai,490.890 ,211.180 ,153.910 ,31.980 ,5.160 ,8.190 
2002,Shanghai,476.700 ,187.700 ,133.100 ,31.400 ,4.500 ,7.400 
2003,Shanghai,419.190 ,148.330 ,106.170 ,21.650 ,4.620 ,8.460 
2004,Shanghai,404.390 ,154.690 ,111.790 ,21.890 ,4.170 ,8.730 
2005,Shanghai,403.620 ,166.060 ,112.680 ,29.900 ,4.280 ,9.330 
2006,Shanghai,401.440 ,165.490 ,110.620 ,31.390 ,3.910 ,9.590 
2007,Shanghai,390.660 ,169.590 ,109.090 ,37.510 ,3.900 ,9.330 
2008,Shanghai,388.390 ,174.520 ,108.580 ,44.180 ,3.570 ,8.000 
2009,Shanghai,396.050 ,193.270 ,108.490 ,57.640 ,4.170 ,8.480 
2010,Shanghai,401.220 ,179.180 ,108.470 ,49.400 ,4.430 ,5.580 
2011,Shanghai,400.630 ,186.340 ,106.080 ,59.810 ,4.210 ,6.200 
2012,Shanghai,387.910 ,187.610 ,105.090 ,56.630 ,3.820 ,5.940 
2013,Shanghai,377.310 ,168.510 ,101.900 ,44.370 ,3.630 ,4.510 
2014,Shanghai,356.982 ,164.862 ,98.430 ,43.917 ,3.950 ,5.370 
2015,Shanghai,340.211 ,161.945 ,97.813 ,45.474 ,3.433 ,3.907 
2016,Shanghai,294.697 ,140.069 ,95.131 ,32.590 ,3.057 ,2.166 
2017,Shanghai,284.947 ,133.136 ,104.113 ,21.014 ,3.034 ,1.524 
2018,Shanghai,282.268 ,129.872 ,103.581 ,21.343 ,1.808 ,0.643 
2019,Shanghai,261.394 ,117.368 ,103.650 ,9.993 ,1.560 ,0.730 
2020,Shanghai,255.160 ,114.264 ,104.064 ,7.508 ,1.237 ,0.538 
2021,Shanghai,264.346 ,117.383 ,103.841 ,10.907 ,1.014 ,0.481 
2022,Shanghai,269.171 ,122.810 ,103.701 ,15.357 ,0.957 ,0.550 
1997,Jiangsu,7966.800 ,5994.400 ,2377.600 ,2341.400 ,439.000 ,352.700 
1998,Jiangsu,8058.300 ,5946.300 ,2369.700 ,2315.000 ,473.500 ,348.900 
1999,Jiangsu,8023.400 ,5828.520 ,2398.450 ,2251.700 ,454.310 ,349.570 
2000,Jiangsu,7944.870 ,5304.310 ,2203.460 ,1954.600 ,423.160 ,391.420 
2001,Jiangsu,7777.420 ,4886.660 ,2010.250 ,1712.810 ,429.810 ,385.110 
2002,Jiangsu,7797.900 ,4882.600 ,1982.100 ,1715.900 ,436.500 ,384.900 
2003,Jiangsu,7681.490 ,4659.470 ,1840.930 ,1620.450 ,451.900 ,389.740 
2004,Jiangsu,7668.980 ,4774.590 ,2112.900 ,1601.170 ,389.110 ,349.610 
2005,Jiangsu,7641.200 ,4909.480 ,2209.330 ,1684.440 ,370.240 ,345.270 
2006,Jiangsu,7608.803 ,4985.080 ,2234.350 ,1734.870 ,378.740 ,338.110 
2007,Jiangsu,7407.730 ,5215.587 ,2228.073 ,2039.120 ,391.210 ,321.347 
2008,Jiangsu,7510.270 ,5267.100 ,2232.550 ,2073.120 ,398.510 ,343.230 
2009,Jiangsu,7558.150 ,5272.040 ,2233.240 ,2077.610 ,399.840 ,337.770 
2010,Jiangsu,7619.580 ,5282.360 ,2234.160 ,2093.070 ,403.700 ,334.067 
2011,Jiangsu,7663.247 ,5319.200 ,2248.633 ,2112.413 ,414.340 ,333.147 
2012,Jiangsu,7651.560 ,5336.560 ,2254.220 ,2132.560 ,418.900 ,320.480 
2013,Jiangsu,7683.630 ,5360.770 ,2265.670 ,2146.930 ,426.370 ,314.600 
2014,Jiangsu,7678.620 ,5376.070 ,2271.690 ,2159.930 ,436.100 ,306.230 
2015,Jiangsu,7745.038 ,5424.638 ,2291.592 ,2178.830 ,451.684 ,305.151 
2016,Jiangsu,7676.920 ,5432.700 ,2294.820 ,2189.853 ,444.207 ,306.233 
2017,Jiangsu,7556.399 ,5527.310 ,2237.720 ,2412.750 ,543.210 ,249.710 
2018,Jiangsu,7520.228 ,5475.930 ,2214.720 ,2403.960 ,515.770 ,257.050 
2019,Jiangsu,7442.630 ,5381.480 ,2184.290 ,2346.930 ,504.240 ,265.990 
2020,Jiangsu,7478.403 ,5405.643 ,2202.840 ,2338.890 ,509.760 ,271.247 
2021,Jiangsu,7514.447 ,5427.540 ,2219.200 ,2357.870 ,500.600 ,267.887 
2022,Jiangsu,7534.240 ,5444.430 ,2221.420 ,2377.270 ,495.040 ,280.120 
1997,Zhejiang,3944.100 ,2872.900 ,2085.900 ,245.200 ,42.100 ,162.300 
1998,Zhejiang,3919.600 ,2799.500 ,2007.900 ,255.100 ,43.800 ,178.300 
1999,Zhejiang,3899.500 ,2751.910 ,1940.430 ,257.920 ,46.800 ,190.420 
2000,Zhejiang,3554.330 ,2300.260 ,1597.970 ,177.570 ,52.200 ,215.670 
2001,Zhejiang,3245.930 ,1939.100 ,1340.000 ,121.400 ,51.760 ,204.730 
2002,Zhejiang,3064.500 ,1659.100 ,1172.300 ,94.200 ,52.200 ,192.800 
2003,Zhejiang,2834.390 ,1427.770 ,979.430 ,71.480 ,51.930 ,193.320 
2004,Zhejiang,2778.410 ,1454.530 ,1028.050 ,59.530 ,54.500 ,184.900 
2005,Zhejiang,2837.940 ,1510.790 ,1028.540 ,67.130 ,62.870 ,209.140 
2006,Zhejiang,2848.390 ,1525.060 ,1030.400 ,70.880 ,65.600 ,211.370 
2007,Zhejiang,2462.817 ,1219.570 ,954.290 ,49.260 ,23.620 ,121.440 
2008,Zhejiang,2482.430 ,1271.630 ,937.500 ,54.340 ,25.920 ,129.850 
2009,Zhejiang,2504.790 ,1290.090 ,938.740 ,60.370 ,27.030 ,129.550 
2010,Zhejiang,2484.650 ,1275.830 ,923.160 ,66.170 ,27.270 ,125.960 
2011,Zhejiang,2462.708 ,1254.130 ,894.770 ,72.630 ,30.940 ,124.400 
2012,Zhejiang,2324.163 ,1251.550 ,832.590 ,74.490 ,61.970 ,138.450 
2013,Zhejiang,2311.939 ,1253.740 ,828.720 ,75.520 ,63.400 ,137.000 
2014,Zhejiang,2274.003 ,1266.810 ,824.210 ,82.120 ,66.520 ,141.080 
2015,Zhejiang,2290.547 ,1277.848 ,822.466 ,89.800 ,69.513 ,144.650 
2016,Zhejiang,2274.444 ,1255.400 ,818.340 ,76.590 ,69.490 ,140.890 
2017,Zhejiang,1981.113 ,977.193 ,620.682 ,103.671 ,51.884 ,108.255 
2018,Zhejiang,1978.685 ,975.726 ,651.070 ,85.360 ,49.344 ,113.140 
2019,Zhejiang,1999.620 ,977.438 ,627.516 ,82.660 ,76.416 ,118.731 
2020,Zhejiang,2014.501 ,993.401 ,636.025 ,93.359 ,63.282 ,115.806 
2021,Zhejiang,2014.592 ,1006.711 ,633.362 ,114.814 ,57.966 ,108.039 
2022,Zhejiang,2027.156 ,1020.448 ,629.187 ,130.641 ,55.405 ,110.477 
1997,Anhui,8488.900 ,6030.600 ,2212.100 ,2137.600 ,512.200 ,608.800 
1998,Anhui,8564.200 ,5991.000 ,2158.300 ,2095.000 ,570.300 ,584.900 
1999,Anhui,8582.100 ,5934.850 ,2145.500 ,2057.080 ,588.460 ,558.490 
2000,Anhui,9005.810 ,6183.800 ,2236.667 ,2126.400 ,485.867 ,773.707 
2001,Anhui,8733.100 ,5841.730 ,1950.070 ,1961.200 ,589.330 ,796.600 
2002,Anhui,8997.600 ,6091.900 ,2044.100 ,2056.900 ,651.400 ,806.400 
2003,Anhui,9124.690 ,6157.200 ,1972.400 ,2012.000 ,627.400 ,1011.520 
2004,Anhui,9200.353 ,6312.200 ,2129.700 ,2059.900 ,662.300 ,977.000 
2005,Anhui,9172.453 ,6410.900 ,2149.100 ,2108.300 ,670.200 ,1008.600 
2006,Anhui,9145.123 ,6493.490 ,2165.450 ,2116.700 ,693.460 ,1055.300 
2007,Anhui,8853.900 ,6477.810 ,2205.220 ,2330.270 ,710.370 ,1017.300 
2008,Anhui,8976.550 ,6561.100 ,2218.900 ,2346.700 ,705.100 ,1068.500 
2009,Anhui,9036.182 ,6605.568 ,2246.850 ,2355.267 ,730.750 ,1050.343 
2010,Anhui,9053.373 ,6616.418 ,2245.370 ,2365.667 ,761.109 ,1021.228 
2011,Anhui,9022.939 ,6621.537 ,2230.820 ,2382.997 ,818.820 ,969.010 
2012,Anhui,8969.598 ,6622.000 ,2215.050 ,2415.510 ,822.530 ,960.270 
2013,Anhui,8945.642 ,6625.300 ,2214.100 ,2432.850 ,845.100 ,937.600 
2014,Anhui,8945.534 ,6628.930 ,2217.330 ,2434.500 ,852.400 ,934.800 
2015,Anhui,8950.464 ,6632.900 ,2234.920 ,2457.000 ,881.550 ,893.600 
2016,Anhui,8893.614 ,6644.500 ,2265.500 ,2446.900 ,876.200 ,905.400 
2017,Anhui,8726.683 ,7321.792 ,2605.147 ,2822.790 ,1160.073 ,658.702 
2018,Anhui,8771.112 ,7316.330 ,2544.760 ,2875.860 ,1138.560 ,687.630 
2019,Anhui,8781.957 ,7287.000 ,2509.040 ,2835.600 ,1196.450 ,672.950 
2020,Anhui,8817.991 ,7289.524 ,2512.082 ,2825.200 ,1234.756 ,641.979 
2021,Anhui,8886.773 ,7309.612 ,2512.154 ,2846.003 ,1252.741 ,627.109 
2022,Anhui,8933.594 ,7314.247 ,2496.476 ,2849.371 ,1228.939 ,654.174 
1997,Fujian,2943.700 ,2041.300 ,1401.600 ,60.300 ,32.700 ,140.200 
1998,Fujian,2918.800 ,2028.600 ,1387.900 ,55.000 ,35.500 ,140.700 
1999,Fujian,2915.400 ,2009.500 ,1373.200 ,50.200 ,36.700 ,142.200 
2000,Fujian,2793.250 ,1828.500 ,1222.300 ,38.700 ,36.800 ,138.700 
2001,Fujian,2713.070 ,1725.700 ,1156.500 ,30.400 ,35.400 ,130.600 
2002,Fujian,2661.300 ,1630.200 ,1082.900 ,23.500 ,36.200 ,126.400 
2003,Fujian,2518.920 ,1471.080 ,962.550 ,8.770 ,36.860 ,120.520 
2004,Fujian,2519.320 ,1482.350 ,985.060 ,6.180 ,37.750 ,115.130 
2005,Fujian,2481.274 ,1441.290 ,951.550 ,5.880 ,39.120 ,113.150 
2006,Fujian,2434.510 ,1395.840 ,908.120 ,5.600 ,39.070 ,112.230 
2007,Fujian,2191.180 ,1201.046 ,868.693 ,4.480 ,34.662 ,67.953 
2008,Fujian,2220.680 ,1210.271 ,861.218 ,4.399 ,36.981 ,73.402 
2009,Fujian,2258.008 ,1231.012 ,864.600 ,3.809 ,37.883 ,75.361 
2010,Fujian,2270.753 ,1232.300 ,854.824 ,3.589 ,40.097 ,77.844 
2011,Fujian,2285.804 ,1226.788 ,845.338 ,2.765 ,42.585 ,80.573 
2012,Fujian,2263.120 ,1201.133 ,827.600 ,2.505 ,45.351 ,81.914 
2013,Fujian,2292.214 ,1202.051 ,817.516 ,2.307 ,47.941 ,84.202 
2014,Fujian,2305.241 ,1197.746 ,804.499 ,2.313 ,49.549 ,85.236 
2015,Fujian,2331.320 ,1193.220 ,788.961 ,2.090 ,51.469 ,87.611 
2016,Fujian,2327.314 ,1176.734 ,769.391 ,1.948 ,52.036 ,88.655 
2017,Fujian,1549.342 ,833.219 ,628.587 ,0.200 ,26.810 ,36.030 
2018,Fujian,1577.310 ,833.514 ,619.609 ,0.190 ,28.787 ,37.920 
2019,Fujian,1599.290 ,822.431 ,599.235 ,0.108 ,30.487 ,39.932 
2020,Fujian,1631.269 ,834.433 ,601.717 ,0.081 ,33.054 ,42.402 
2021,Fujian,1651.872 ,835.131 ,599.354 ,0.071 ,33.994 ,42.596 
2022,Fujian,1682.140 ,837.615 ,599.449 ,0.059 ,34.734 ,43.114 
1997,Jiangxi,6037.600 ,3586.500 ,3063.500 ,73.500 ,31.000 ,235.700 
1998,Jiangxi,5804.000 ,3414.500 ,2900.800 ,65.800 ,32.700 ,237.700 
1999,Jiangxi,5871.000 ,3548.200 ,3050.010 ,61.500 ,27.300 ,240.430 
2000,Jiangxi,5650.780 ,3322.000 ,2832.000 ,51.400 ,25.300 ,239.100 
2001,Jiangxi,5534.720 ,3265.200 ,2808.300 ,38.300 ,19.900 ,226.100 
2002,Jiangxi,5355.100 ,3187.900 ,2786.600 ,28.500 ,16.800 ,203.300 
2003,Jiangxi,4997.350 ,3051.120 ,2685.270 ,20.610 ,17.500 ,184.430 
2004,Jiangxi,5182.780 ,3350.070 ,3029.740 ,19.060 ,14.360 ,158.810 
2005,Jiangxi,5251.420 ,3441.470 ,3129.000 ,15.910 ,16.510 ,154.230 
2006,Jiangxi,5363.348 ,3534.930 ,3227.140 ,12.390 ,15.890 ,160.410 
2007,Jiangxi,5245.127 ,3525.267 ,3194.333 ,11.200 ,15.540 ,165.793 
2008,Jiangxi,5330.860 ,3578.070 ,3255.540 ,10.200 ,15.640 ,160.260 
2009,Jiangxi,5376.380 ,3604.600 ,3282.060 ,9.940 ,16.090 ,153.960 
2010,Jiangxi,5457.700 ,3639.130 ,3318.440 ,10.390 ,18.180 ,154.030 
2011,Jiangxi,5486.789 ,3650.070 ,3317.710 ,10.890 ,25.650 ,154.240 
2012,Jiangxi,5524.913 ,3675.930 ,3328.330 ,11.850 ,28.050 ,157.050 
2013,Jiangxi,5552.565 ,3690.850 ,3337.950 ,11.780 ,29.530 ,160.300 
2014,Jiangxi,5570.550 ,3697.337 ,3339.453 ,12.000 ,29.870 ,162.200 
2015,Jiangxi,5579.093 ,3705.600 ,3342.400 ,12.200 ,30.280 ,165.400 
2016,Jiangxi,5560.666 ,3686.210 ,3316.310 ,12.300 ,30.300 ,167.600 
2017,Jiangxi,5638.456 ,3786.323 ,3504.693 ,14.505 ,35.655 ,123.333 
2018,Jiangxi,5555.811 ,3721.330 ,3436.200 ,14.620 ,35.000 ,127.640 
2019,Jiangxi,5521.184 ,3665.137 ,3346.203 ,14.400 ,46.500 ,130.433 
2020,Jiangxi,5644.370 ,3772.380 ,3441.830 ,14.400 ,47.600 ,142.650 
2021,Jiangxi,5672.944 ,3772.840 ,3419.200 ,13.600 ,50.900 ,141.400 
2022,Jiangxi,5730.547 ,3776.360 ,3403.000 ,12.000 ,55.600 ,147.340 
1997,Shandong,10983.200 ,8083.100 ,164.700 ,4037.600 ,2626.800 ,558.500 
1998,Shandong,11138.000 ,8132.500 ,157.600 ,3982.000 ,2781.900 ,553.400 
1999,Shandong,11236.500 ,8099.250 ,195.820 ,4006.750 ,2768.170 ,513.160 
2000,Shandong,11147.340 ,7363.190 ,176.750 ,3748.180 ,2413.920 ,480.450 
2001,Shandong,11266.120 ,7153.510 ,173.550 ,3545.750 ,2505.230 ,414.720 
2002,Shandong,11047.800 ,6912.600 ,155.300 ,3397.500 ,2530.100 ,344.200 
2003,Shandong,10885.280 ,6415.410 ,112.620 ,3105.130 ,2405.890 ,323.860 
2004,Shandong,10638.567 ,6176.320 ,124.430 ,2968.230 ,2455.050 ,256.560 
2005,Shandong,10736.060 ,6711.730 ,119.800 ,3278.670 ,2731.440 ,251.710 
2006,Shandong,10727.933 ,6797.450 ,125.680 ,3354.520 ,2753.590 ,236.130 
2007,Shandong,10724.400 ,6936.500 ,130.500 ,3519.100 ,2854.230 ,176.420 
2008,Shandong,10763.980 ,6955.610 ,130.690 ,3525.210 ,2874.210 ,175.000 
2009,Shandong,10778.430 ,7030.090 ,134.610 ,3545.200 ,2917.330 ,171.010 
2010,Shandong,10818.204 ,7084.800 ,128.220 ,3561.870 ,2955.270 ,166.850 
2011,Shandong,10865.440 ,7145.820 ,124.540 ,3593.530 ,2995.870 ,166.180 
2012,Shandong,10866.977 ,7202.330 ,123.870 ,3625.870 ,3018.060 ,163.600 
2013,Shandong,10976.440 ,7294.580 ,123.130 ,3673.270 ,3060.710 ,164.460 
2014,Shandong,11037.929 ,7440.040 ,122.400 ,3740.230 ,3126.470 ,168.690 
2015,Shandong,11026.541 ,7492.100 ,116.280 ,3799.833 ,3173.797 ,152.420 
2016,Shandong,10973.181 ,7511.450 ,105.760 ,3830.270 ,3206.930 ,143.750 
2017,Shandong,11107.793 ,8455.601 ,108.859 ,4083.871 ,4000.123 ,124.979 
2018,Shandong,11076.802 ,8404.843 ,113.830 ,4058.592 ,3934.683 ,158.023 
2019,Shandong,10933.094 ,8312.811 ,115.600 ,4001.753 ,3846.467 ,187.835 
2020,Shandong,10889.065 ,8281.540 ,112.479 ,3934.430 ,3871.090 ,193.036 
2021,Shandong,10948.594 ,8355.135 ,113.041 ,3994.033 ,3897.005 ,187.538 
2022,Shandong,10964.144 ,8372.213 ,106.433 ,4003.553 ,3880.258 ,218.787 
1997,Henan,12276.700 ,8879.900 ,489.500 ,4927.300 ,1952.400 ,719.700 
1998,Henan,12567.100 ,9102.000 ,498.400 ,4964.000 ,2152.700 ,727.200 
1999,Henan,12659.900 ,9032.270 ,508.470 ,4884.590 ,2193.740 ,674.330 
2000,Henan,13136.910 ,9029.600 ,459.590 ,4922.330 ,2201.330 ,683.430 
2001,Henan,13127.700 ,8822.790 ,415.930 ,4801.570 ,2200.000 ,660.360 
2002,Henan,13359.800 ,8975.100 ,469.400 ,4855.700 ,2319.900 ,626.600 
2003,Henan,13684.360 ,8923.330 ,503.000 ,4804.570 ,2386.700 ,612.510 
2004,Henan,13789.660 ,8970.070 ,508.530 ,4856.000 ,2420.000 ,625.870 
2005,Henan,13922.730 ,9153.410 ,511.070 ,4962.670 ,2508.310 ,616.530 
2006,Henan,14185.643 ,9303.080 ,602.560 ,5006.670 ,2579.000 ,584.000 
2007,Henan,14087.843 ,9468.030 ,600.000 ,5213.330 ,2779.220 ,525.500 
2008,Henan,14147.400 ,9600.000 ,604.670 ,5260.000 ,2820.000 ,551.000 
2009,Henan,14181.400 ,9683.610 ,611.300 ,5263.300 ,2895.420 ,529.290 
2010,Henan,14248.690 ,9740.170 ,628.000 ,5280.000 ,2946.000 ,513.400 
2011,Henan,14258.610 ,9859.870 ,638.000 ,5323.330 ,3025.000 ,505.870 
2012,Henan,14262.170 ,9985.150 ,648.160 ,5340.000 ,3100.000 ,520.450 
2013,Henan,14323.540 ,10081.810 ,641.330 ,5366.660 ,3203.330 ,503.780 
2014,Henan,14378.300 ,10209.820 ,649.670 ,5406.670 ,3283.860 ,453.670 
2015,Henan,14424.960 ,10267.150 ,656.000 ,5425.660 ,3343.860 ,413.670 
2016,Henan,14472.320 ,10286.150 ,655.000 ,5465.660 ,3316.860 ,415.670 
2017,Henan,14732.534 ,10915.135 ,615.029 ,5714.645 ,3998.941 ,389.853 
2018,Henan,14783.352 ,10906.080 ,620.410 ,5739.850 ,3918.960 ,424.000 
2019,Henan,14713.978 ,10734.540 ,616.600 ,5706.650 ,3801.330 ,428.000 
2020,Henan,14687.991 ,10738.790 ,617.070 ,5673.670 ,3818.010 ,406.130 
2021,Henan,14705.131 ,10772.310 ,608.230 ,5690.690 ,3853.330 ,364.340 
2022,Henan,14711.513 ,10778.350 ,601.700 ,5682.450 ,3857.520 ,390.970 
1997,Hubei,7739.200 ,4940.500 ,2466.000 ,1276.500 ,399.800 ,313.700 
1998,Hubei,7696.000 ,4728.100 ,2239.300 ,1211.200 ,440.900 ,339.300 
1999,Hubei,7788.700 ,4673.110 ,2284.980 ,1074.430 ,460.820 ,337.980 
2000,Hubei,7584.070 ,4156.200 ,1995.290 ,845.100 ,424.100 ,358.750 
2001,Hubei,7488.990 ,4015.730 ,1987.850 ,735.850 ,400.900 ,362.290 
2002,Hubei,7355.000 ,3882.800 ,1932.000 ,700.100 ,390.800 ,353.000 
2003,Hubei,7138.260 ,3557.760 ,1805.100 ,603.190 ,341.110 ,324.860 
2004,Hubei,7155.880 ,3712.370 ,1989.610 ,602.910 ,357.490 ,304.140 
2005,Hubei,7279.420 ,3926.810 ,2077.390 ,716.190 ,389.610 ,290.010 
2006,Hubei,7350.310 ,4067.140 ,2094.500 ,794.930 ,441.270 ,276.950 
2007,Hubei,7030.010 ,3981.430 ,1978.820 ,1096.250 ,436.340 ,202.620 
2008,Hubei,7298.310 ,3906.690 ,1978.940 ,1000.570 ,470.370 ,206.790 
2009,Hubei,7527.500 ,4012.530 ,2045.080 ,993.360 ,507.280 ,195.760 
2010,Hubei,7997.570 ,4068.370 ,2038.170 ,1000.110 ,531.380 ,192.080 
2011,Hubei,8009.570 ,4122.070 ,2036.160 ,1013.610 ,549.660 ,190.730 
2012,Hubei,8078.887 ,4180.050 ,2017.880 ,1065.500 ,593.340 ,177.660 
2013,Hubei,8106.193 ,4258.400 ,2101.150 ,1094.800 ,573.470 ,160.280 
2014,Hubei,8112.260 ,4370.350 ,2143.950 ,1074.330 ,642.380 ,173.620 
2015,Hubei,7952.363 ,4466.033 ,2188.460 ,1093.430 ,687.846 ,147.777 
2016,Hubei,7843.510 ,4436.870 ,2130.970 ,1108.270 ,661.700 ,184.260 
2017,Hubei,7956.139 ,4852.996 ,2368.075 ,1153.217 ,794.779 ,238.472 
2018,Hubei,7952.900 ,4847.010 ,2391.000 ,1104.960 ,781.200 ,247.090 
2019,Hubei,7815.887 ,4608.602 ,2286.756 ,1017.743 ,727.533 ,240.096 
2020,Hubei,7974.393 ,4645.273 ,2280.727 ,1031.381 ,751.991 ,247.723 
2021,Hubei,8109.240 ,4685.983 ,2272.586 ,1052.055 ,762.706 ,254.052 
2022,Hubei,8191.919 ,4688.955 ,2263.957 ,1031.255 ,775.824 ,262.166 
1997,Hunan,8009.000 ,5155.300 ,4075.800 ,163.100 ,171.800 ,291.900 
1998,Hunan,7936.300 ,5074.800 ,3976.400 ,144.600 ,221.800 ,284.800 
1999,Hunan,8027.700 ,5135.180 ,3984.470 ,129.730 ,280.130 ,293.150 
2000,Hunan,8002.050 ,5029.900 ,3896.100 ,118.600 ,278.500 ,294.600 
2001,Hunan,7931.710 ,4802.810 ,3691.610 ,110.020 ,269.790 ,294.160 
2002,Hunan,7789.900 ,4652.600 ,3541.500 ,99.800 ,272.900 ,290.600 
2003,Hunan,7731.240 ,4529.790 ,3409.980 ,86.330 ,289.770 ,293.460 
2004,Hunan,7886.220 ,4754.100 ,3716.840 ,76.150 ,276.450 ,279.700 
2005,Hunan,7977.643 ,4838.600 ,3795.200 ,65.700 ,277.300 ,276.800 
2006,Hunan,8074.020 ,4807.300 ,3777.200 ,62.000 ,268.500 ,275.600 
2007,Hunan,7390.708 ,4531.300 ,3897.200 ,13.600 ,220.200 ,154.200 
2008,Hunan,7555.037 ,4588.800 ,3932.000 ,13.600 ,241.300 ,155.600 
2009,Hunan,8019.330 ,4799.100 ,4047.200 ,28.400 ,282.000 ,167.000 
2010,Hunan,8216.140 ,4809.100 ,4030.500 ,39.200 ,293.000 ,171.300 
2011,Hunan,8401.973 ,4879.580 ,4066.300 ,40.400 ,327.100 ,171.280 
2012,Hunan,8511.874 ,4908.040 ,4095.120 ,35.250 ,342.000 ,168.390 
2013,Hunan,8650.018 ,4936.570 ,4085.030 ,32.270 ,344.220 ,166.010 
2014,Hunan,8764.470 ,4975.140 ,4120.710 ,30.600 ,345.650 ,170.210 
2015,Hunan,8716.990 ,4944.650 ,4114.100 ,29.390 ,348.360 ,160.900 
2016,Hunan,8793.280 ,4890.600 ,4085.500 ,19.200 ,349.500 ,168.800 
2017,Hunan,8321.975 ,4978.946 ,4238.710 ,28.340 ,365.807 ,141.009 
2018,Hunan,8111.086 ,4747.900 ,4009.000 ,23.350 ,359.200 ,148.190 
2019,Hunan,8122.795 ,4616.380 ,3855.200 ,22.370 ,386.600 ,149.190 
2020,Hunan,8400.127 ,4754.750 ,3993.850 ,23.250 ,384.380 ,150.780 
2021,Hunan,8504.265 ,4758.370 ,3971.100 ,23.360 ,397.600 ,155.950 
2022,Hunan,8591.544 ,4765.520 ,3967.670 ,22.380 ,393.580 ,170.620 
1997,Guangdong,5511.500 ,3528.800 ,2704.100 ,19.400 ,133.600 ,125.700 
1998,Guangdong,5540.200 ,3529.000 ,2686.000 ,17.800 ,156.100 ,128.300 
1999,Guangdong,5262.800 ,3371.040 ,2557.530 ,15.222 ,177.700 ,128.120 
2000,Guangdong,5156.900 ,3311.100 ,2467.400 ,13.700 ,189.300 ,128.400 
2001,Guangdong,5193.070 ,3125.600 ,2369.330 ,11.240 ,164.550 ,119.180 
2002,Guangdong,4932.400 ,2876.500 ,2195.500 ,10.700 ,141.900 ,109.900 
2003,Guangdong,4883.390 ,2771.900 ,2130.600 ,5.800 ,135.700 ,106.300 
2004,Guangdong,4807.970 ,2789.700 ,2139.000 ,6.000 ,137.900 ,107.900 
2005,Guangdong,4815.371 ,2786.500 ,2137.600 ,6.500 ,136.700 ,108.300 
2006,Guangdong,4838.359 ,2767.100 ,2110.900 ,5.900 ,139.000 ,108.100 
2007,Guangdong,4363.053 ,2479.533 ,1939.000 ,1.000 ,132.800 ,79.733 
2008,Guangdong,4404.309 ,2499.940 ,1946.900 ,0.830 ,143.420 ,80.630 
2009,Guangdong,4476.043 ,2538.500 ,1959.700 ,0.840 ,166.700 ,79.480 
2010,Guangdong,4524.515 ,2531.933 ,1952.747 ,0.871 ,162.263 ,78.968 
2011,Guangdong,4572.034 ,2530.430 ,1940.920 ,1.000 ,173.130 ,77.230 
2012,Guangdong,4629.601 ,2540.180 ,1949.380 ,0.930 ,172.500 ,80.210 
2013,Guangdong,4698.083 ,2507.620 ,1908.790 ,0.930 ,176.650 ,80.290 
2014,Guangdong,4744.950 ,2507.010 ,1893.280 ,0.930 ,177.180 ,79.700 
2015,Guangdong,4784.718 ,2505.840 ,1887.300 ,0.910 ,178.960 ,80.720 
2016,Guangdong,4830.831 ,2509.330 ,1888.600 ,0.910 ,180.930 ,80.980 
2017,Guangdong,4227.509 ,2169.726 ,1805.420 ,0.462 ,120.953 ,40.519 
2018,Guangdong,4279.360 ,2151.040 ,1787.390 ,0.420 ,120.080 ,41.050 
2019,Guangdong,4357.378 ,2160.640 ,1793.670 ,0.420 ,120.150 ,41.510 
2020,Guangdong,4451.810 ,2204.690 ,1834.430 ,0.380 ,123.140 ,41.870 
2021,Guangdong,4498.359 ,2213.036 ,1827.420 ,0.249 ,129.788 ,42.865 
2022,Guangdong,4553.470 ,2230.289 ,1835.897 ,0.423 ,131.907 ,44.397 
1997,Guangxi,6203.000 ,3738.500 ,2434.300 ,31.900 ,561.100 ,344.500 
1998,Guangxi,6293.400 ,3757.700 ,2433.500 ,25.500 ,578.700 ,349.000 
1999,Guangxi,6289.400 ,3725.480 ,2388.670 ,19.750 ,593.980 ,351.710 
2000,Guangxi,6260.700 ,3655.900 ,2301.600 ,19.500 ,610.700 ,359.200 
2001,Guangxi,6288.060 ,3641.900 ,2423.600 ,14.700 ,556.900 ,318.900 
2002,Guangxi,6299.900 ,3556.900 ,2412.600 ,12.800 ,520.300 ,304.300 
2003,Guangxi,6279.070 ,3470.000 ,2356.300 ,12.300 ,531.100 ,287.100 
2004,Guangxi,6368.150 ,3511.200 ,2356.000 ,11.700 ,586.600 ,283.400 
2005,Guangxi,6489.240 ,3496.200 ,2360.400 ,10.700 ,575.700 ,280.300 
2006,Guangxi,6460.206 ,3331.100 ,2285.000 ,11.800 ,515.000 ,266.810 
2007,Guangxi,5594.404 ,2983.992 ,2126.677 ,3.880 ,490.442 ,145.830 
2008,Guangxi,5695.582 ,2973.052 ,2119.200 ,3.700 ,489.700 ,144.819 
2009,Guangxi,5826.500 ,3067.500 ,2125.000 ,4.000 ,534.600 ,158.600 
2010,Guangxi,5896.856 ,3061.060 ,2094.430 ,4.200 ,538.610 ,168.600 
2011,Guangxi,5996.484 ,3072.807 ,2078.530 ,1.480 ,565.880 ,168.780 
2012,Guangxi,6082.611 ,3069.100 ,2057.600 ,1.500 ,580.500 ,154.500 
2013,Guangxi,6137.161 ,3076.020 ,2046.620 ,1.790 ,587.600 ,154.790 
2014,Guangxi,5929.941 ,3067.680 ,2026.240 ,1.430 ,584.000 ,162.760 
2015,Guangxi,6134.705 ,3059.340 ,1983.900 ,5.090 ,622.600 ,152.660 
2016,Guangxi,6145.305 ,3023.610 ,1959.820 ,6.350 ,609.340 ,154.720 
2017,Guangxi,5969.877 ,2853.056 ,1801.710 ,3.082 ,591.228 ,149.350 
2018,Guangxi,5972.376 ,2802.120 ,1752.550 ,3.000 ,584.430 ,155.400 
2019,Guangxi,5989.205 ,2747.000 ,1712.910 ,3.030 ,580.140 ,149.760 
2020,Guangxi,6107.322 ,2806.093 ,1760.114 ,3.864 ,596.973 ,160.872 
2021,Guangxi,6177.520 ,2822.942 ,1756.735 ,3.814 ,615.045 ,164.022 
2022,Guangxi,6271.395 ,2829.310 ,1758.030 ,4.440 ,616.330 ,167.940 
1997,Hainan,914.500 ,577.200 ,391.400 ,,17.500 ,17.000 
1998,Hainan,937.600 ,571.200 ,388.500 ,,18.600 ,17.500 
1999,Hainan,931.800 ,567.700 ,391.140 ,,18.010 ,17.130 
2000,Hainan,906.000 ,542.030 ,367.450 ,,17.980 ,17.210 
2001,Hainan,871.730 ,519.930 ,354.630 ,,16.710 ,16.510 
2002,Hainan,863.300 ,508.100 ,344.500 ,16.100 ,16.100 ,16.500 
2003,Hainan,906.743 ,541.763 ,343.120 ,,19.890 ,15.540 
2004,Hainan,826.938 ,471.768 ,334.740 ,,13.710 ,13.680 
2005,Hainan,778.058 ,423.750 ,300.400 ,,12.900 ,11.590 
2006,Hainan,821.150 ,444.546 ,318.912 ,0.000 ,15.017 ,10.525 
2007,Hainan,754.320 ,402.640 ,298.310 ,,17.590 ,2.140 
2008,Hainan,810.610 ,421.280 ,309.950 ,,17.370 ,7.670 
2009,Hainan,829.409 ,430.434 ,317.720 ,,18.724 ,7.751 
2010,Hainan,833.733 ,437.213 ,324.308 ,,21.004 ,7.982 
2011,Hainan,838.348 ,430.600 ,318.580 ,,23.540 ,8.500 
2012,Hainan,854.642 ,438.606 ,324.391 ,,27.521 ,8.372 
2013,Hainan,848.216 ,421.800 ,311.865 ,,27.717 ,7.817 
2014,Hainan,859.615 ,394.005 ,312.187 ,,,8.363 
2015,Hainan,845.277 ,375.630 ,299.321 ,,,6.537 
2016,Hainan,823.260 ,360.376 ,289.127 ,,,6.484 
2017,Hainan,709.441 ,282.482 ,246.654 ,,,5.514 
2018,Hainan,712.938 ,286.110 ,246.100 ,,,5.960 
2019,Hainan,676.235 ,272.649 ,229.700 ,,,5.221 
2020,Hainan,676.864 ,270.733 ,227.530 ,,,5.313 
2021,Hainan,684.777 ,271.436 ,226.614 ,,,5.095 
2022,Hainan,687.183 ,273.014 ,228.690 ,,,4.676 
1997,Chongqing,3605.400 ,2887.600 ,803.900 ,556.300 ,513.200 ,169.600 
1998,Chongqing,3614.500 ,2900.600 ,794.700 ,548.200 ,526.100 ,198.300 
1999,Chongqing,3612.500 ,2882.140 ,788.580 ,531.600 ,519.900 ,194.390 
2000,Chongqing,3590.800 ,2773.400 ,776.600 ,466.200 ,500.600 ,219.100 
2001,Chongqing,3555.870 ,2714.600 ,764.000 ,422.100 ,489.900 ,218.900 
2002,Chongqing,3467.100 ,2609.400 ,755.200 ,388.200 ,476.900 ,219.000 
2003,Chongqing,3365.810 ,2469.000 ,750.500 ,322.730 ,455.500 ,209.000 
2004,Chongqing,3435.280 ,2516.440 ,749.300 ,280.500 ,460.400 ,224.280 
2005,Chongqing,3444.730 ,2501.260 ,747.950 ,279.670 ,460.340 ,234.540 
2006,Chongqing,3477.180 ,2488.800 ,743.200 ,261.020 ,452.720 ,234.060 
2007,Chongqing,3134.660 ,2195.770 ,652.130 ,199.650 ,453.670 ,193.340 
2008,Chongqing,3215.070 ,2215.410 ,673.540 ,188.950 ,455.550 ,197.130 
2009,Chongqing,3308.297 ,2229.490 ,682.040 ,168.210 ,459.120 ,204.460 
2010,Chongqing,3359.388 ,2243.888 ,683.904 ,150.532 ,461.886 ,213.954 
2011,Chongqing,3413.088 ,2259.413 ,686.485 ,138.362 ,466.930 ,224.634 
2012,Chongqing,3477.694 ,2259.606 ,686.996 ,125.396 ,468.387 ,230.120 
2013,Chongqing,3515.889 ,2253.905 ,688.657 ,107.600 ,466.733 ,236.019 
2014,Chongqing,3540.352 ,2242.522 ,689.673 ,86.980 ,467.873 ,237.507 
2015,Chongqing,3575.797 ,2233.958 ,688.319 ,69.697 ,470.844 ,240.667 
2016,Chongqing,3600.736 ,2250.051 ,692.052 ,59.825 ,475.254 ,242.603 
2017,Chongqing,3339.556 ,2030.710 ,658.941 ,30.126 ,447.340 ,200.205 
2018,Chongqing,3348.490 ,2017.846 ,656.446 ,24.786 ,442.333 ,201.441 
2019,Chongqing,3345.743 ,1999.278 ,655.137 ,21.029 ,438.329 ,200.290 
2020,Chongqing,3372.541 ,2003.058 ,657.266 ,18.523 ,440.929 ,201.968 
2021,Chongqing,3409.256 ,2013.191 ,658.905 ,18.683 ,443.766 ,203.946 
2022,Chongqing,3479.024 ,2046.710 ,659.186 ,18.853 ,447.785 ,212.433 
1997,Sichuan,9497.500 ,7211.400 ,2196.100 ,1824.500 ,1290.400 ,385.600 
1998,Sichuan,9714.400 ,7337.700 ,2167.400 ,1864.600 ,1364.800 ,389.100 
1999,Sichuan,9717.700 ,7296.740 ,2176.040 ,1818.270 ,1359.170 ,402.030 
2000,Sichuan,9609.060 ,6854.450 ,2123.760 ,1604.950 ,1235.460 ,444.960 
2001,Sichuan,9571.500 ,6706.673 ,2093.127 ,1498.600 ,1200.800 ,479.410 
2002,Sichuan,9564.600 ,6645.900 ,2076.100 ,1456.900 ,1207.900 ,505.700 
2003,Sichuan,9384.460 ,6387.300 ,2040.310 ,1318.667 ,1161.333 ,521.630 
2004,Sichuan,9387.530 ,6476.500 ,2063.800 ,1255.700 ,1172.600 ,565.500 
2005,Sichuan,9480.197 ,6564.840 ,2087.490 ,1262.330 ,1196.600 ,585.630 
2006,Sichuan,9665.073 ,6583.300 ,2080.600 ,1273.700 ,1194.000 ,471.200 
2007,Sichuan,9278.241 ,6450.000 ,2036.160 ,1316.806 ,1330.485 ,482.400 
2008,Sichuan,9438.880 ,6430.900 ,2035.900 ,1286.500 ,1323.800 ,479.500 
2009,Sichuan,9476.559 ,6419.400 ,2027.100 ,1277.500 ,1334.400 ,444.200 
2010,Sichuan,9478.760 ,6402.000 ,2004.500 ,1265.700 ,1355.400 ,434.900 
2011,Sichuan,9565.554 ,6440.500 ,2007.900 ,1259.300 ,1363.100 ,441.100 
2012,Sichuan,9657.006 ,6468.200 ,1997.800 ,1234.100 ,1371.100 ,477.200 
2013,Sichuan,9682.188 ,6469.900 ,1990.700 ,1216.000 ,1378.000 ,471.300 
2014,Sichuan,9668.612 ,6467.400 ,1991.800 ,1170.700 ,1381.200 ,484.200 
2015,Sichuan,9689.930 ,6453.900 ,1990.800 ,1119.000 ,1402.000 ,494.800 
2016,Sichuan,9728.607 ,6453.900 ,1990.000 ,1088.000 ,1399.000 ,520.600 
2017,Sichuan,9575.046 ,6291.991 ,1874.933 ,652.667 ,1863.867 ,518.400 
2018,Sichuan,9615.317 ,6265.570 ,1874.000 ,635.000 ,1856.000 ,524.900 
2019,Sichuan,9692.984 ,6279.320 ,1870.000 ,611.140 ,1844.000 ,559.800 
2020,Sichuan,9849.887 ,6312.610 ,1866.320 ,596.820 ,1839.360 ,599.450 
2021,Sichuan,9999.922 ,6357.720 ,1875.000 ,582.920 ,1849.400 ,615.160 
2022,Sichuan,10227.364 ,6463.450 ,1874.000 ,588.780 ,1855.000 ,696.200 
1997,Guizhou,4492.500 ,2927.500 ,742.900 ,596.600 ,629.500 ,290.700 
1998,Guizhou,4514.200 ,3128.600 ,746.800 ,604.500 ,728.800 ,316.900 
1999,Guizhou,4612.500 ,3135.870 ,747.950 ,596.300 ,725.610 ,319.160 
2000,Guizhou,4696.700 ,3151.300 ,750.500 ,567.400 ,727.300 ,322.200 
2001,Guizhou,4650.700 ,3121.100 ,750.000 ,520.500 ,721.800 ,324.000 
2002,Guizhou,4645.400 ,3076.100 ,734.600 ,498.400 ,703.800 ,326.700 
2003,Guizhou,4634.226 ,3021.300 ,720.500 ,474.300 ,686.300 ,321.100 
2004,Guizhou,4695.000 ,3037.210 ,716.520 ,429.170 ,706.450 ,324.870 
2005,Guizhou,4804.099 ,3073.740 ,721.670 ,410.630 ,719.520 ,324.780 
2006,Guizhou,4854.954 ,3108.540 ,716.460 ,402.620 ,739.790 ,325.850 
2007,Guizhou,4464.526 ,2821.838 ,676.218 ,242.707 ,731.200 ,305.530 
2008,Guizhou,4619.433 ,2919.572 ,691.146 ,262.436 ,734.641 ,310.153 
2009,Guizhou,4780.691 ,2984.730 ,698.240 ,262.920 ,751.490 ,311.240 
2010,Guizhou,4889.128 ,3039.500 ,695.810 ,260.770 ,781.140 ,313.510 
2011,Guizhou,5021.217 ,3055.560 ,681.490 ,257.620 ,787.790 ,313.980 
2012,Guizhou,5182.861 ,3054.280 ,682.950 ,259.760 ,775.150 ,305.800 
2013,Guizhou,5390.114 ,3118.420 ,684.450 ,251.780 ,778.350 ,316.290 
2014,Guizhou,5516.456 ,3138.350 ,681.960 ,251.500 ,787.470 ,324.130 
2015,Guizhou,5542.166 ,3114.910 ,675.140 ,248.680 ,763.220 ,329.130 
2016,Guizhou,5596.806 ,3113.260 ,674.260 ,241.700 ,740.320 ,330.270 
2017,Guizhou,5659.372 ,3052.779 ,700.498 ,155.974 ,1006.385 ,298.174 
2018,Guizhou,5477.157 ,2740.200 ,671.780 ,141.620 ,602.120 ,325.060 
2019,Guizhou,5481.563 ,2709.410 ,664.720 ,137.220 ,530.590 ,317.710 
2020,Guizhou,5475.350 ,2754.130 ,665.120 ,138.050 ,501.460 ,336.470 
2021,Guizhou,5422.879 ,2787.693 ,645.230 ,135.300 ,550.390 ,340.457 
2022,Guizhou,5359.450 ,2788.699 ,613.771 ,114.247 ,622.200 ,365.389 
1997,Yunnan,5225.300 ,3719.100 ,921.200 ,697.500 ,979.500 ,510.000 
1998,Yunnan,5225.900 ,3886.300 ,919.600 ,706.800 ,1095.700 ,508.300 
1999,Yunnan,5484.200 ,4042.090 ,903.000 ,724.900 ,1159.640 ,539.880 
2000,Yunnan,5785.960 ,4238.700 ,1073.600 ,645.600 ,1129.700 ,245.000 
2001,Yunnan,5929.610 ,4339.030 ,1100.290 ,640.710 ,1138.110 ,608.800 
2002,Yunnan,5813.100 ,4160.600 ,1083.000 ,604.200 ,1128.900 ,605.600 
2003,Yunnan,5756.000 ,4068.400 ,1043.130 ,567.400 ,1066.870 ,463.400 
2004,Yunnan,5890.010 ,4158.470 ,1086.200 ,543.270 ,1111.130 ,493.100 
2005,Yunnan,6053.790 ,4253.930 ,1049.270 ,532.330 ,1182.600 ,478.560 
2006,Yunnan,6144.700 ,4269.670 ,1045.400 ,514.670 ,1183.330 ,467.250 
2007,Yunnan,5801.857 ,3994.457 ,990.230 ,426.790 ,1282.127 ,522.190 
2008,Yunnan,6056.189 ,4095.930 ,1017.530 ,425.000 ,1325.800 ,565.130 
2009,Yunnan,6343.858 ,4200.130 ,1039.830 ,432.400 ,1354.220 ,573.830 
2010,Yunnan,6437.327 ,4274.400 ,1021.000 ,428.900 ,1417.800 ,579.400 
2011,Yunnan,6667.468 ,4326.900 ,1073.450 ,437.900 ,1409.000 ,574.590 
2012,Yunnan,6920.408 ,4399.570 ,1082.870 ,442.200 ,1456.910 ,572.490 
2013,Yunnan,7148.156 ,4499.400 ,1152.700 ,437.270 ,1505.100 ,566.350 
2014,Yunnan,7194.430 ,4508.200 ,1144.700 ,434.400 ,1525.700 ,559.900 
2015,Yunnan,7185.628 ,4487.300 ,1134.800 ,432.700 ,1517.300 ,549.600 
2016,Yunnan,7164.464 ,4481.170 ,1130.000 ,430.300 ,1513.200 ,552.600 
2017,Yunnan,6790.804 ,4169.211 ,870.558 ,343.680 ,1763.813 ,468.442 
2018,Yunnan,6890.772 ,4174.577 ,849.551 ,339.200 ,1785.200 ,469.411 
2019,Yunnan,6938.855 ,4165.757 ,841.500 ,328.902 ,1782.400 ,482.000 
2020,Yunnan,6989.672 ,4167.400 ,818.934 ,320.000 ,1802.457 ,484.600 
2021,Yunnan,7057.243 ,4191.377 ,753.829 ,291.131 ,1879.370 ,464.419 
2022,Yunnan,7130.631 ,4210.971 ,709.461 ,266.759 ,1917.505 ,495.525 
1997,Tibet,228.600 ,197.400 ,1.100 ,53.900 ,3.100 ,13.900 
1998,Tibet,229.400 ,200.400 ,1.100 ,55.000 ,3.200 ,12.500 
1999,Tibet,230.400 ,200.760 ,1.030 ,54.730 ,3.030 ,11.780 
2000,Tibet,231.050 ,201.440 ,1.010 ,51.910 ,3.150 ,10.530 
2001,Tibet,230.860 ,199.120 ,1.060 ,46.990 ,3.420 ,10.600 
2002,Tibet,232.900 ,195.200 ,1.700 ,44.800 ,3.600 ,11.100 
2003,Tibet,233.660 ,185.920 ,1.010 ,42.210 ,3.290 ,9.930 
2004,Tibet,231.240 ,179.790 ,1.050 ,40.640 ,3.300 ,9.000 
2005,Tibet,234.960 ,177.680 ,1.020 ,42.000 ,3.340 ,8.970 
2006,Tibet,233.010 ,171.650 ,0.980 ,41.490 ,3.390 ,8.050 
2007,Tibet,232.920 ,171.780 ,1.000 ,40.290 ,3.300 ,7.790 
2008,Tibet,235.830 ,170.620 ,0.980 ,37.340 ,4.020 ,7.080 
2009,Tibet,235.070 ,169.430 ,1.000 ,36.760 ,4.020 ,6.660 
2010,Tibet,240.190 ,170.150 ,0.980 ,37.050 ,4.220 ,6.620 
2011,Tibet,241.430 ,170.150 ,1.000 ,37.600 ,4.150 ,6.450 
2012,Tibet,243.954 ,170.860 ,0.970 ,37.730 ,4.350 ,6.310 
2013,Tibet,248.570 ,175.870 ,0.950 ,37.810 ,4.320 ,5.840 
2014,Tibet,250.950 ,176.400 ,0.990 ,36.920 ,4.160 ,5.710 
2015,Tibet,252.790 ,178.890 ,0.940 ,36.330 ,4.530 ,5.060 
2016,Tibet,257.904 ,182.937 ,1.024 ,36.553 ,4.705 ,5.674 
2017,Tibet,254.053 ,185.648 ,0.890 ,39.347 ,4.877 ,4.667 
2018,Tibet,270.381 ,184.684 ,0.943 ,31.734 ,5.155 ,4.549 
2019,Tibet,271.533 ,184.775 ,0.774 ,32.346 ,4.738 ,5.004 
2020,Tibet,272.076 ,182.312 ,0.947 ,29.862 ,4.430 ,5.220 
2021,Tibet,274.192 ,186.477 ,0.771 ,32.490 ,4.769 ,5.162 
2022,Tibet,277.243 ,192.592 ,0.825 ,32.617 ,4.550 ,4.740 
1997,Shaanxi,4504.100 ,3811.500 ,153.900 ,1602.800 ,915.900 ,422.400 
1998,Shaanxi,4697.200 ,4030.100 ,160.000 ,1610.500 ,1065.200 ,472.800 
1999,Shaanxi,4726.300 ,4026.970 ,154.590 ,1589.450 ,1123.410 ,438.480 
2000,Shaanxi,4555.388 ,3821.500 ,144.800 ,1537.200 ,1057.000 ,395.300 
2001,Shaanxi,4331.850 ,3517.630 ,140.780 ,1424.240 ,1005.060 ,359.840 
2002,Shaanxi,4198.300 ,3397.200 ,130.500 ,1356.700 ,999.900 ,357.300 
2003,Shaanxi,4055.775 ,3122.800 ,139.500 ,1233.300 ,948.300 ,379.900 
2004,Shaanxi,4099.828 ,3134.100 ,145.800 ,1152.700 ,1047.400 ,370.400 
2005,Shaanxi,4201.833 ,3263.900 ,147.100 ,1211.533 ,1097.100 ,382.300 
2006,Shaanxi,4247.859 ,3295.000 ,146.500 ,1204.500 ,1121.800 ,381.300 
2007,Shaanxi,4044.744 ,3099.812 ,115.256 ,1144.635 ,1153.954 ,213.860 
2008,Shaanxi,4165.757 ,3126.010 ,124.630 ,1140.000 ,1157.600 ,228.930 
2009,Shaanxi,4154.103 ,3133.973 ,125.333 ,1145.973 ,1164.000 ,227.333 
2010,Shaanxi,4185.590 ,3159.700 ,121.600 ,1148.900 ,1182.400 ,224.000 
2011,Shaanxi,4181.037 ,3134.867 ,120.933 ,1136.667 ,1177.800 ,225.333 
2012,Shaanxi,4238.313 ,3127.533 ,123.333 ,1127.600 ,1167.400 ,223.400 
2013,Shaanxi,4269.020 ,3105.130 ,123.720 ,1094.800 ,1166.230 ,211.330 
2014,Shaanxi,4262.140 ,3076.540 ,123.420 ,1082.870 ,1153.730 ,189.400 
2015,Shaanxi,4284.479 ,3073.519 ,122.800 ,1085.600 ,1151.680 ,187.833 
2016,Shaanxi,4276.920 ,3068.710 ,122.720 ,1082.600 ,1150.210 ,188.400 
2017,Shaanxi,4063.883 ,3019.396 ,105.635 ,963.146 ,1196.880 ,189.111 
2018,Shaanxi,4091.010 ,3005.980 ,105.393 ,967.307 ,1179.473 ,188.420 
2019,Shaanxi,4132.090 ,2998.920 ,105.320 ,965.927 ,1177.053 ,188.040 
2020,Shaanxi,4160.847 ,3001.047 ,105.087 ,964.193 ,1179.440 ,188.267 
2021,Shaanxi,4189.267 ,3004.340 ,106.050 ,955.070 ,1182.480 ,201.580 
2022,Shaanxi,4212.233 ,3017.474 ,106.093 ,958.008 ,1188.431 ,222.320 
1997,Gansu,3757.900 ,2880.900 ,6.800 ,1320.100 ,486.200 ,79.200 
1998,Gansu,3767.800 ,2890.500 ,8.400 ,1323.500 ,511.700 ,162.300 
1999,Gansu,3808.600 ,2910.670 ,7.030 ,1222.710 ,531.170 ,247.910 
2000,Gansu,3740.180 ,2798.210 ,7.240 ,1192.190 ,464.360 ,261.670 
2001,Gansu,3688.900 ,2690.620 ,7.140 ,1123.950 ,467.050 ,251.090 
2002,Gansu,3649.900 ,2628.800 ,6.300 ,1080.000 ,503.500 ,234.000 
2003,Gansu,3620.920 ,2499.460 ,4.790 ,961.340 ,490.470 ,230.740 
2004,Gansu,3668.890 ,2534.600 ,4.910 ,933.500 ,487.730 ,234.470 
2005,Gansu,3726.010 ,2587.190 ,5.100 ,1000.830 ,484.790 ,245.050 
2006,Gansu,3743.430 ,2598.920 ,5.310 ,995.160 ,493.270 ,224.850 
2007,Gansu,3759.002 ,2687.030 ,5.280 ,982.130 ,492.000 ,233.100 
2008,Gansu,3868.610 ,2682.990 ,5.530 ,903.530 ,557.210 ,227.930 
2009,Gansu,3938.640 ,2740.030 ,5.670 ,963.860 ,657.800 ,207.210 
2010,Gansu,3995.180 ,2799.780 ,5.830 ,879.650 ,835.480 ,198.870 
2011,Gansu,4094.760 ,2833.650 ,,861.600 ,838.730 ,199.550 
2012,Gansu,4099.840 ,2839.400 ,5.570 ,833.930 ,902.670 ,191.330 
2013,Gansu,4155.940 ,2858.700 ,5.260 ,811.680 ,976.130 ,183.670 
2014,Gansu,4197.510 ,2842.460 ,5.140 ,792.500 ,1000.910 ,176.000 
2015,Gansu,4229.330 ,2849.630 ,4.470 ,794.800 ,1014.150 ,172.050 
2016,Gansu,4253.840 ,2813.950 ,4.650 ,762.330 ,1000.820 ,173.180 
2017,Gansu,3752.031 ,2647.160 ,4.041 ,766.471 ,1040.967 ,127.888 
2018,Gansu,3773.553 ,2645.253 ,3.815 ,775.561 ,1012.742 ,137.510 
2019,Gansu,3831.575 ,2581.109 ,3.586 ,739.936 ,987.917 ,141.551 
2020,Gansu,3931.825 ,2638.295 ,3.394 ,708.716 ,1000.811 ,163.808 
2021,Gansu,3997.944 ,2676.756 ,3.133 ,711.274 ,1051.824 ,160.741 
2022,Gansu,4061.945 ,2699.762 ,2.493 ,739.490 ,1074.469 ,159.469 
1997,Qinghai,568.000 ,394.700 ,,213.500 ,,58.800 
1998,Qinghai,566.900 ,384.900 ,,211.900 ,2.300 ,58.100 
1999,Qinghai,571.000 ,344.830 ,,182.890 ,2.470 ,52.650 
2000,Qinghai,553.680 ,322.700 ,,165.600 ,2.100 ,50.500 
2001,Qinghai,529.020 ,312.200 ,,156.200 ,2.300 ,47.000 
2002,Qinghai,494.300 ,284.700 ,142.500 ,142.500 ,1.800 ,48.200 
2003,Qinghai,466.800 ,248.000 ,,107.000 ,,39.700 
2004,Qinghai,473.300 ,244.700 ,,102.200 ,1.580 ,40.100 
2005,Qinghai,476.730 ,245.570 ,,96.800 ,1.090 ,40.870 
2006,Qinghai,489.783 ,260.260 ,0.000 ,98.350 ,1.040 ,45.960 
2007,Qinghai,516.682 ,301.835 ,,154.026 ,2.314 ,44.811 
2008,Qinghai,513.630 ,271.990 ,,104.400 ,2.060 ,39.110 
2009,Qinghai,514.050 ,275.720 ,,104.130 ,5.250 ,42.310 
2010,Qinghai,546.930 ,274.510 ,,100.960 ,12.330 ,36.170 
2011,Qinghai,547.730 ,279.410 ,,94.030 ,20.470 ,32.310 
2012,Qinghai,554.211 ,280.180 ,,94.230 ,22.940 ,33.050 
2013,Qinghai,555.774 ,279.970 ,,95.420 ,23.290 ,27.140 
2014,Qinghai,553.700 ,280.100 ,,88.580 ,27.000 ,27.030 
2015,Qinghai,558.390 ,277.060 ,,88.210 ,27.500 ,26.800 
2016,Qinghai,561.327 ,281.050 ,,86.270 ,26.620 ,28.500 
2017,Qinghai,555.314 ,282.560 ,,112.418 ,18.896 ,13.247 
2018,Qinghai,557.253 ,281.260 ,,111.600 ,18.450 ,12.760 
2019,Qinghai,553.542 ,280.200 ,,102.410 ,20.970 ,14.000 
2020,Qinghai,571.421 ,290.030 ,,94.790 ,21.370 ,14.910 
2021,Qinghai,583.867 ,302.410 ,,98.820 ,22.540 ,15.100 
2022,Qinghai,586.191 ,303.470 ,,101.260 ,22.670 ,14.130 
1997,Ningxia,977.600 ,781.800 ,67.200 ,312.200 ,131.800 ,91.000 
1998,Ningxia,1005.300 ,817.400 ,66.500 ,316.800 ,143.200 ,101.100 
1999,Ningxia,1031.100 ,835.750 ,70.960 ,267.470 ,162.700 ,85.860 
2000,Ningxia,1016.480 ,807.100 ,76.700 ,292.600 ,131.100 ,80.000 
2001,Ningxia,1007.590 ,781.400 ,74.200 ,299.300 ,147.800 ,84.400 
2002,Ningxia,1147.900 ,881.100 ,76.400 ,370.800 ,155.100 ,103.500 
2003,Ningxia,1129.480 ,805.320 ,46.710 ,319.280 ,176.340 ,110.320 
2004,Ningxia,1158.310 ,791.660 ,64.380 ,279.030 ,187.850 ,84.600 
2005,Ningxia,1099.330 ,775.910 ,71.250 ,276.020 ,178.290 ,70.940 
2006,Ningxia,1127.240 ,795.600 ,81.700 ,227.400 ,174.500 ,54.900 
2007,Ningxia,1189.834 ,856.330 ,77.000 ,233.730 ,206.000 ,23.470 
2008,Ningxia,1209.650 ,826.160 ,80.290 ,204.290 ,208.520 ,59.760 
2009,Ningxia,1226.670 ,826.880 ,78.240 ,218.460 ,215.080 ,47.790 
2010,Ningxia,1247.860 ,844.050 ,83.160 ,211.370 ,223.410 ,48.730 
2011,Ningxia,1260.390 ,852.440 ,83.942 ,202.101 ,231.105 ,38.867 
2012,Ningxia,1241.181 ,828.300 ,84.300 ,179.000 ,245.900 ,36.000 
2013,Ningxia,1264.651 ,801.600 ,82.140 ,148.830 ,262.020 ,29.280 
2014,Ningxia,1253.162 ,771.330 ,78.050 ,127.470 ,288.750 ,28.370 
2015,Ningxia,1264.635 ,770.420 ,74.340 ,122.450 ,301.770 ,28.100 
2016,Ningxia,1275.239 ,778.320 ,75.050 ,126.190 ,296.900 ,29.530 
2017,Ningxia,1132.628 ,722.512 ,81.088 ,123.133 ,306.330 ,18.702 
2018,Ningxia,1164.568 ,735.680 ,78.010 ,128.590 ,310.790 ,22.600 
2019,Ningxia,1152.959 ,677.363 ,68.054 ,107.770 ,299.777 ,17.250 
2020,Ningxia,1174.226 ,679.180 ,60.820 ,92.920 ,322.730 ,12.660 
2021,Ningxia,1175.910 ,689.287 ,50.837 ,67.041 ,367.418 ,8.878 
2022,Ningxia,1189.489 ,692.293 ,29.375 ,81.356 ,365.593 ,27.458 
1997,Xinjiang,3191.500 ,1683.800 ,82.100 ,1017.400 ,439.800 ,55.400 
1998,Xinjiang,3278.600 ,1585.600 ,69.100 ,966.800 ,428.600 ,61.000 
1999,Xinjiang,3379.900 ,1538.990 ,75.560 ,888.500 ,432.910 ,68.120 
2000,Xinjiang,3391.550 ,1468.160 ,78.110 ,838.830 ,382.420 ,91.780 
2001,Xinjiang,3404.120 ,1415.730 ,73.280 ,744.270 ,410.290 ,113.580 
2002,Xinjiang,3478.300 ,1514.600 ,75.000 ,749.700 ,501.900 ,107.200 
2003,Xinjiang,3535.020 ,1377.200 ,67.160 ,661.500 ,467.900 ,104.410 
2004,Xinjiang,3592.260 ,1413.900 ,66.770 ,686.350 ,517.970 ,83.440 
2005,Xinjiang,3731.163 ,1492.800 ,69.270 ,737.240 ,526.090 ,98.290 
2006,Xinjiang,3817.873 ,1496.030 ,64.990 ,728.010 ,521.240 ,96.620 
2007,Xinjiang,4202.627 ,1379.060 ,70.950 ,605.770 ,529.780 ,78.420 
2008,Xinjiang,4486.665 ,1585.200 ,70.760 ,735.770 ,585.490 ,96.390 
2009,Xinjiang,4663.808 ,1984.700 ,72.500 ,1153.867 ,598.380 ,100.750 
2010,Xinjiang,4758.635 ,2028.600 ,66.930 ,1120.010 ,653.820 ,112.250 
2011,Xinjiang,4983.473 ,2047.480 ,70.590 ,1077.980 ,728.000 ,84.260 
2012,Xinjiang,5123.899 ,2131.170 ,69.230 ,1081.040 ,855.720 ,68.750 
2013,Xinjiang,5212.264 ,2234.800 ,67.290 ,1120.980 ,920.800 ,73.940 
2014,Xinjiang,5517.632 ,2255.850 ,75.060 ,1142.350 ,910.800 ,72.360 
2015,Xinjiang,5757.254 ,2395.020 ,66.170 ,1239.330 ,961.870 ,71.660 
2016,Xinjiang,5867.522 ,2401.130 ,69.180 ,1289.380 ,918.680 ,73.090 
2017,Xinjiang,5886.962 ,2295.856 ,74.243 ,1126.832 ,1019.929 ,42.428 
2018,Xinjiang,6068.887 ,2219.633 ,78.387 ,1031.470 ,1033.287 ,44.507 
2019,Xinjiang,6169.993 ,2203.610 ,56.920 ,1061.590 ,997.200 ,49.790 
2020,Xinjiang,6280.010 ,2230.190 ,47.630 ,1069.020 ,1051.050 ,32.680 
2021,Xinjiang,6387.420 ,2371.650 ,44.320 ,1135.250 ,1110.260 ,39.320 
2022,Xinjiang,6493.126 ,2433.897 ,36.710 ,1153.598 ,1145.560 ,52.360 
